"y","category","val"
17.7368966047413,"a",3.7685796486478
22.8615727794661,"a",5.36975413214283
20.4364901756452,"a",4.46141787479558
15.2319488541559,"a",3.53319240948928
17.8615779105484,"b",2.94417652041329
27.4355111724801,"b",5.5430726027914
16.3937603224014,"b",2.43999992278592
25.3718526723712,"b",5.16087543275475
12.3741935939045,"c",2.68806771063037
8.24708636991765,"c",2.46654082382283
10.832194822159,"c",2.47136064525644
21.2252361776688,"c",5.45398500804732
